Candidato,Voti,Lista,COALIZIONE
VACCARELLA ELISABETTA,3931,PD,1
PETRUZZELLI PIETRO,3011,PD,1
LEONETTI LORENZO,2267,PD,1
LACOPPOLA VITO,2164,DECARO PER BARI,1
ROMANO PAOLA,1879,PD,1
SALEMMI GIOVANNA,1771,PD,1
RANIERI ROMEO,1728,CON LECCESE SINDACO,1
PALONE CARLA,1701,DECARO PER BARI,1
CAVONE MICHELANGELO,1428,PD,1
BOTTALICO FRANCESCA,1372,BARI BENE COMUNE,3
SCARAMUZZI DOMENICO,1370,PD,1
VIGGIANO GIUSEPPE,1308,FDI,2
BOZZO ANTONIO,1298,PD,1
MILONE NICOLETTA,1294,CON LECCESE SINDACO,1
BRONZINI MARCO,1293,PD,1
LOPRIENO NICOLA,1231,DECARO PER BARI,1
PERNA ANGELA,1201,DECARO PER BARI,1
AMORUSO NICOLA,1200,PD,1
GIANNUZZI FRANCESCO,1142,CON LECCESE SINDACO,1
SISTO FABIO,1086,PD,1
PAPARELLA MICAELA,1085,PD,1
ANACLERIO ALESSANDRA,1081,CON LECCESE SINDACO,1
DE MARZO LAURA,1058,FDI,2
CIAULA ANTONIO,1040,FDI,2
ALBENZIO PIETRO,1035,DECARO PER BARI,1
SCHIRONE CLAUDIO,1019,NOI POPOLARI,1
LAVOPA PASQUALE,940,BARI CITTA' D'EUROPA,3
SISTO LIVIO,928,DECARO PER BARI,1
AMORUSO VALERIA,917,ROMITO SINDACO,2
LA PENNA ANNARITA,905,DECARO PER BARI,1
NEVIERA GIUSEPPE,884,UDC - PRIMA L'ITALIA PER ROMITO SINDACO,2
DELLE FONTANE ANTONELLO,846,M5S,3
MELINI IRMA,808,FDI,2
SCORCIA GIACOMA,803,DECARO PER BARI,1
DE MARZO DIEGO,801,PROGETTO BARI CON LECCESE,1
CICCIOMESSERE LUCA,761,FDI,2
LAFORGIA VICTOR,733,LAFORGIA SINDACO,3
PENNISI CRISTINA,717,DECARO PER BARI,1
DURANTE MARIA STEFANIA,698,PD,1
SANSEVERINO GESUALDO,694,PD,1
CIPRIANI DANILO,688,BARI BENE COMUNE,3
INTRONA PIERLUIGI,678,LECCESE SINDACO,1
PASCULLI EMANUELE,676,BARI BENE COMUNE,3
CARRIERI GIUSEPPE,666,FORZA ITALIA,2
RUSSO FRATTASI SILVIA,660,PROGETTO BARI CON LECCESE,1
PIERUCCI INES,644,EUROPA VERDE - VERDI,1
CASCELLA GIUSEPPE,640,NOI POPOLARI,1
VISCONTI ALESSANDRO,630,DECARO PER BARI,1
LACATENA GIOVANNI,615,UDC - PRIMA L'ITALIA PER ROMITO SINDACO,2
CARADONNA VITO,607,PROGETTO BARI CON LECCESE,1
BARONE ILARIA,599,PROGETTO BARI CON LECCESE,1
BALDUCCI ANNA,574,FDI,2
LAPENNA ALESSANDRO FRANCESCO,574,UDC - PRIMA L'ITALIA PER ROMITO SINDACO,2
ALBERGO GRAZIA,570,LECCESE SINDACO,1
DI GIORGIO GIUSEPPE,554,UDC - PRIMA L'ITALIA PER ROMITO SINDACO,2
PATRUNO CARLO,552,ROMITO SINDACO,2
NARDULLI NUNZIO,551,LECCESE SINDACO,1
MORETTI GIOVANNI,550,LAFORGIA SINDACO,3
MORETTI NICOLA,513,ROMITO SINDACO,2
DAMIANI NICOLA,511,LAFORGIA SINDACO,3
CENTOLA MAURIZIO,504,FDI,2
GUIDO ANTONIO,501,FDI,2
CAMPANELLI SALVATORE,494,CON LECCESE SINDACO,1
MANZARI FRANCESCO,492,ROMITO SINDACO,2
FUMAI GIUSEPPE,491,PD,1
MUOLO GIUSEPPE,491,DECARO PER BARI,1
ACQUAVIVA NICOLA,487,LECCESE SINDACO,1
LOIACONO GIUSEPPE,474,CON LECCESE SINDACO,1
DE CARNE FRANCESCO,465,LECCESE SINDACO,1
CIPRIANI LUIGI,465,NOI MODERATI,2
TALARICO ANDREA,460,CON LECCESE SINDACO,1
LONGO FRANCESCO,459,BARI BENE COMUNE,3
FRANCO STEFANO,449,BARI CITTA' D'EUROPA,3
PERRUGGINI ANTONIO,435,FORZA ITALIA,2
D'AMORE GIORGIO,432,BARI CITTA' D'EUROPA,3
MARIANI ANTONIO,423,DECARO PER BARI,1
PALMIOTTI GENNARO MARIA,416,CON LECCESE SINDACO,1
CARELLI ITALO,416,M5S,3
GIRONE MARIA,411,CON LECCESE SINDACO,1
DEGENNARO ANNA,399,FDI,2
MAGRONE FRANCESCO,381,FDI,2
LA BATTAGLIA VITTORIO,379,LAFORGIA SINDACO,3
BATTISTA LOREDANA,378,NOI POPOLARI,1
BALDASSARRE MARIA ELISABETTA,373,LAFORGIA SINDACO,3
FERRIERI FRANCESCO,365,ROMITO SINDACO,2
MAGRONE PASQUALE,362,NOI POPOLARI,1
TESTINI ANTONIO,359,FDI,2
ATTANASIO TOMMASO,353,FDI,2
LOMORO VINCENZO,351,DECARO PER BARI,1
ALTINI CLAUDIO,351,BARI CITTA' D'EUROPA,3
MARCHITELLI GERARDO,348,ROMITO SINDACO,2
SOCCIO MATTEO,339,CON LECCESE SINDACO,1
ABRESCIA MATTEO,336,FDI,2
DE LEO ANNA,334,CON LECCESE SINDACO,1
BELLOMO ANTONIO,330,PROGETTO BARI CON LECCESE,1
SOLAZZO EMILIO,321,FDI,2
PALOSCIA ROCCO FABIO,317,DECARO PER BARI,1
TRAVERSI GIOVANNI,313,FDI,2
CORNARO MARCO,311,ROMITO SINDACO,2
MONACO GIUSEPPE,311,ROMITO SINDACO,2
BASSO PIERANGELO,311,LAFORGIA SINDACO,3
SPADAVECCHIA VITO ANTONIO,305,EUROPA VERDE - VERDI,1
MASTROMARCO GIUSEPPE,301,GENERAZIONE URBANA,3
LABRIOLA MICHELA,300,LAFORGIA SINDACO,3
SPAGNUOLO SERENA,297,BARI BENE COMUNE,3
DE SANTIS GIUSEPPE,291,LECCESE SINDACO,1
POLISENO ONOFRIO,282,FORZA ITALIA,2
GIAQUINTO PATRIZIA,280,PROGETTO BARI CON LECCESE,1
DI FONTE LUIGI,278,ROMITO SINDACO,2
DE SERIO DOMENICO FABRIZIO,276,LAFORGIA SINDACO,3
SCARINGELLO LUIGI,275,LAFORGIA SINDACO,3
DIGILIO FRANCESCO SAVERIO,270,BARI BENE COMUNE,3
LERRO MARCELLA,269,LAFORGIA SINDACO,3
LOCONSOLE GIANLUCA,266,PD,1
BOSCIA DANIELA EZIA,265,DECARO PER BARI,1
SCIACOVELLI DOMENICO,263,UDC - PRIMA L'ITALIA PER ROMITO SINDACO,2
BELLOMO ANTONELLA,261,FDI,2
MAGGIORE STEFANIA,256,M5S,3
LELI FABIO,255,M5S,3
MIRIZZI PAOLO,252,LIBERALI E RIFORMISTI - nPSI,2
DE SIMONE CATERINA,248,BARI BENE COMUNE,3
CASSANO CARMEN,246,LAFORGIA SINDACO,3
MANZARI NICOLA,246,BARI X FABIO ROMITO,2
VIRGILIO DEBORAH,240,PD,1
CECERE MICHELE,238,PROGETTO BARI CON LECCESE,1
CAMPESE FABIO,237,FORZA ITALIA,2
CELLAMARE LUIGI SIMONE,236,FDI,2
VICINO GLORIA ANNA,235,BARI BENE COMUNE,3
PESOLA VITO,224,PD,1
LAFORGIA VERA,223,BARI CITTA' D'EUROPA,3
VULCANO ANTONELLA,221,BARI BENE COMUNE,3
ZAMPARELLA MARIA,221,NOI POPOLARI,1
SCARAMUZZI ANGELO,217,FDI,2
CAZZATO LUIGI,217,ROMITO SINDACO,2
CARBONARA NUNZIA,217,LAFORGIA SINDACO,3
BASILE MARINA,215,M5S,3
VALENZANO BARBARA,214,CON LECCESE SINDACO,1
BOCCASILE ALESSANDRA,214,BARI BENE COMUNE,3
DE MARIO ANTONIO,214,BARI BENE COMUNE,3
CURCI ANTONIO,209,PD,1
DE FRANCISCIS GIOVANNA DANIELA,209,LAFORGIA SINDACO,3
SASSANELLI MARIA,200,PD,1
GIRONE STEFANIA,197,M5S,3
DE FALCO LUCIA,196,LAFORGIA SINDACO,3
DI CANDIA MICHELE,187,FDI,2
CEGLIE ANGELO,184,LAFORGIA SINDACO,3
INGROSSO GIUSEPPE,184,M5S,3
SBORGIA MARIA EMANUELA,184,FORZA ITALIA,2
MANGONE ANNAROSA,183,BARI BENE COMUNE,3
PERRELLI NICOLA,182,NOI MODERATI,2
RAPANA' MICHELE,180,FORZA ITALIA,2
AMBRUOSO SARA,178,NOI POPOLARI,1
GIOVINE PAOLO ALFREDO,177,FORZA ITALIA,2
LORUSSO MARIA,171,FDI,2
ACCETTURA SIMONA RITA,170,ROMITO SINDACO,2
MARIANI EUGENIA,169,PD,1
VOLPE GIULIANO,168,LAFORGIA SINDACO,3
TUNDO SIMONA,167,EUROPA VERDE - VERDI,1
DE RAZZA SABINO,165,BARI BENE COMUNE,3
MATINELLI VITO,163,DECARO PER BARI,1
MARCHESE ALFREDO,162,LAFORGIA SINDACO,3
ARALDO FRANCESCA,162,LECCESE SINDACO,1
CAMPANELLA RICCARDO,162,NOI POPOLARI,1
PORCARO ILARIA,161,PROGETTO BARI CON LECCESE,1
TIBERINO MARIA LUISA,159,PROGETTO BARI CON LECCESE,1
GENCHI SEBASTIANO,157,PD,1
MASSARI RITA,156,FORZA ITALIA,2
SPADAFINA GIULIA,156,GENERAZIONE URBANA,3
VISAGGIO CLAUDIO TOBIA,155,ROMITO SINDACO,2
POLEMIO MAURIZIO,154,BARI BENE COMUNE,3
JARBAN BASSEM,153,BARI BENE COMUNE,3
DELL'ACQUA PATRIZIA,153,BARI CITTA' D'EUROPA,3
VOZA ROBERTO,152,LAFORGIA SINDACO,3
MEGLI EMANUELA,152,LECCESE SINDACO,1
TEDESCO MARCELLO,148,BARI BENE COMUNE,3
ROGLIERO MAURIZIO MASSIMILIANO,147,ROMITO SINDACO,2
MERO MASSIMILIANO,146,CON LECCESE SINDACO,1
FERRANTE ROSA,145,BARI CITTA' D'EUROPA,3
LOVREGLIO RAFFAELLA,144,DECARO PER BARI,1
GIAMPIETRO GABRIELE,144,LECCESE SINDACO,1
GELAO TOMMASO,144,BARI CITTA' D'EUROPA,3
PUGLIESE ANTONIO,141,ROMITO SINDACO,2
MILELLA GIUSEPPE,140,CON LECCESE SINDACO,1
NAVACH GIORGIA,139,FDI,2
FANELLI MARIALESSIA,138,GENERAZIONE URBANA,3
RUCCIA MARIARITA,133,PD,1
MATTIA ANGELA RITA,133,FDI,2
CALISI NICOLA,130,FDI,2
LORUSSO GABRIELLA,130,FORZA ITALIA,2
LA CANDIA GIUSEPPINA,129,LIBERALI E RIFORMISTI - nPSI,2
GUARAGNO VINCENZA,128,ROMITO SINDACO,2
CECI ANGELO,127,PD,1
BRETONE DANIELE LUIGI,126,BARI X FABIO ROMITO,2
DI CORATO SALVATORE,123,BARI BENE COMUNE,3
RUBINO MARIA ELISABETTA,122,BARI X FABIO ROMITO,2
PASQUALE DOMENICO,121,DECARO PER BARI,1
ZITO ADRIANA,120,ROMITO SINDACO,2
SANTORO ANGELA,118,LAFORGIA SINDACO,3
ROPPO EMILIA,118,LECCESE SINDACO,1
GERNONE LUCA,118,UDC - PRIMA L'ITALIA PER ROMITO SINDACO,2
CAPONIO MARA,117,FORZA ITALIA,2
STEFANI' CRISTIANO,116,ROMITO SINDACO,2
ZONNO TERESA,116,LECCESE SINDACO,1
DE CICCO ANTONIO,116,NOI MODERATI,2
FAZIO BONINA CONCETTA,115,ROMITO SINDACO,2
GIORDANO FRANCESCO,115,LIBERALI E RIFORMISTI - nPSI,2
GIAMMARIA ROSA,113,FORZA ITALIA,2
IANNONE DANILA,112,NOI POPOLARI,1
VERNOLE GIACOMO,111,ROMITO SINDACO,2
D'ARGENTO LARA,110,CON LECCESE SINDACO,1
SBISA' UGO,110,LAFORGIA SINDACO,3
D'ALANO VITO,110,BARI CITTA' D'EUROPA,3
DE BENEDICTIS TERESA,110,BARI X FABIO ROMITO,2
TRAVERSA MICHELE,109,LECCESE SINDACO,1
TARTARINO LEONARDO,109,LIBERALI E RIFORMISTI - nPSI,2
SALTINO CINZIA,108,FDI,2
SCELSI GABRIELE,108,M5S,3
LEMBO MAURIZIO,108,BARI BENE COMUNE,3
MAFFEI PRUDENZA,107,LECCESE SINDACO,1
MILELLA ROCCO,107,BARI X FABIO ROMITO,2
GIODICE-SABBATELLI VENANZIA,106,LAFORGIA SINDACO,3
FRAPPAMPINA VINCENZO,106,PROGETTO BARI CON LECCESE,1
MASSARI SAVERIO,105,BARI BENE COMUNE,3
PICCOLI ANNALAURA ASSUNTA,104,ROMITO SINDACO,2
MASSAFRA LOREDANA,104,BARI CITTA' D'EUROPA,3
CARDONE CLARA,102,ROMITO SINDACO,2
TARANTINI MINA,102,ROMITO SINDACO,2
GAMBACORTA MICHELE,102,NOI MODERATI,2
FIORENTINO ANNA,101,BARI BENE COMUNE,3
SIFANNO MARIA,101,NOI MODERATI,2
OLIVA NICOLA,100,LAFORGIA SINDACO,3
MANGIALARDI ALESSANDRO,100,GENERAZIONE URBANA,3
CITARELLA ANTONIA,98,CON LECCESE SINDACO,1
LAPICIRELLA GIULIANO,98,LECCESE SINDACO,1
FIORENTINO IRENE,97,CON LECCESE SINDACO,1
BELLOMO CECILIA,97,FORZA ITALIA,2
LOMBARDI EUGENIO,96,M5S,3
SFORZA RAFFAELE,95,LAFORGIA SINDACO,3
CASALINO VINCENZO,95,PROGETTO BARI CON LECCESE,1
AUTERI ELENA,93,FDI,2
BRUNI CARLO,92,BARI BENE COMUNE,3
GIRONE ANNALISA,91,BARI X FABIO ROMITO,2
MARTINO ANDREA,90,BARI BENE COMUNE,3
FORTUNA IMMACOLATA,89,ROMITO SINDACO,2
MERCOLEDISANTO GIUSEPPE,89,FORZA ITALIA,2
CANGIALOSI BARBARA,88,CON LECCESE SINDACO,1
BRAMANTE ANTONIO,88,EUROPA VERDE - VERDI,1
ZAHRA MAMUN,87,LECCESE SINDACO,1
GLORIOSO MARIA,87,BARI X FABIO ROMITO,2
CAMPOBASSO GERMANO,86,FDI,2
MONNO LUIGI,85,ROMITO SINDACO,2
PELLICANI STEFANO,83,LAFORGIA SINDACO,3
SISTO INES,83,UDC - PRIMA L'ITALIA PER ROMITO SINDACO,2
DE TOMA LUIGI,83,PROGETTO BARI CON LECCESE,1
BATTISTA VITO,82,PD,1
DE LUCA GIUSEPPE,81,ROMITO SINDACO,2
ABBRESCIA LUCIA,80,M5S,3
D'ORAZIO CARMELA MARIA PATRIZIA,80,LECCESE SINDACO,1
BISCOTTI NICOLA,80,UDC - PRIMA L'ITALIA PER ROMITO SINDACO,2
MARZULLI ANTONIA,79,FDI,2
PESCE GINA LILIA,79,CON LECCESE SINDACO,1
TRAVERSA LUCA,79,GENERAZIONE URBANA,3
D'ADDABBO LUCA,78,ROMITO SINDACO,2
DE SIANO ANGELO GIUSEPPE,78,PROGETTO BARI CON LECCESE,1
BALICE IVANA,77,LECCESE SINDACO,1
CAVALLO CLAUDIA,77,GENERAZIONE URBANA,3
CASADIBARI SAMANTHA,76,CON LECCESE SINDACO,1
D'ABBICCO FRANCESCO,75,CON LECCESE SINDACO,1
RUSCELLI ROSSANA,75,BARI BENE COMUNE,3
ALFONSO VITO,74,LAFORGIA SINDACO,3
FAVIA ROSA ANNA,74,LAFORGIA SINDACO,3
GERNONE SIMONA,74,AGORA',2
TRIDENTE ROSANNA,73,DECARO PER BARI,1
RAGONE ANTONIETTA,72,CON LECCESE SINDACO,1
PACIFICO ROBERTA,72,FORZA ITALIA,2
COSTANZA NICOLA,72,GENERAZIONE URBANA,3
VISCIGLIA MARIO,72,LIBERALI E RIFORMISTI - nPSI,2
GIORDANO GIUSEPPE,71,FDI,2
ANNOSCIA IMMACOLATA,71,PROGETTO BARI CON LECCESE,1
CARRASSI SAMANTHA,71,NOI MODERATI,2
IANDOLO CARMINE,70,ROMITO SINDACO,2
LORENZELLI GINO,70,LAFORGIA SINDACO,3
CERNO' VALENTINA,70,NOI POPOLARI,1
COLUCCI ROSANGELA,68,ROMITO SINDACO,2
MELE MARILENA STEFANIA,68,LECCESE SINDACO,1
ANTONINO NUNZIA,68,BARI BENE COMUNE,3
RUVOLO NICOLA,68,BARI CITTA' D'EUROPA,3
QUARTO NICOLA,68,BARI X FABIO ROMITO,2
ALESSANDRINO MARIA,67,M5S,3
RANIERI FRANCESCO,67,M5S,3
MODUGNO MARCO,67,BARI BENE COMUNE,3
MAGGI NICOLA,67,BARI CITTA' D'EUROPA,3
MASELLI CARMELA,67,NOI MODERATI,2
BALENA GAETANO,67,SCIACOVELLI SINDACO - CI PIACE!,4
CRESPO CORREOSO ANA IRENE,66,ROMITO SINDACO,2
CIONFOLI NOEMI,66,LAFORGIA SINDACO,3
LISCO VIRGINIA MARIA,66,GENERAZIONE URBANA,3
IUSCO MAURIZIO,65,PD,1
GATTI LUISA,65,UDC - PRIMA L'ITALIA PER ROMITO SINDACO,2
SURICO MARIA,65,BARI CITTA' D'EUROPA,3
DEL CORE VITO,64,CON LECCESE SINDACO,1
PERNA TERESA,64,BARI BENE COMUNE,3
CATACCHIO GIOVANNA,64,BARI CITTA' D'EUROPA,3
COCCORESE DANIELA,63,CON LECCESE SINDACO,1
VENTRELLA ROSITA,63,UDC - PRIMA L'ITALIA PER ROMITO SINDACO,2
MORELLI GIUSEPPE,63,BARI BENE COMUNE,3
VESSIO IVANO,63,PROGETTO BARI CON LECCESE,1
CARADONNA MOSCATELLI PAOLO ALFONSO,63,BARI X FABIO ROMITO,2
LEPORE GIOVANNI,63,OLTRE MANGANO SINDACO,4
DONADEI VIVIANA,62,CON LECCESE SINDACO,1
SOGLIA GABRIELLA,62,FORZA ITALIA,2
GALLICO CESARE,61,PD,1
DI BARI CRESCENZIO,61,DECARO PER BARI,1
DIOGUARDI GIUSEPPE,61,CON LECCESE SINDACO,1
SCATTAGLIA SAVERIO,60,CON LECCESE SINDACO,1
SINESI ROSARIA,59,UDC - PRIMA L'ITALIA PER ROMITO SINDACO,2
CIOCE MICHELE,59,FORZA ITALIA,2
GIRONE ANTONIA,59,BARI CITTA' D'EUROPA,3
MASSARI ELENA,58,FORZA ITALIA,2
TIERI ANDREA,58,FORZA ITALIA,2
VIRGILIO GIUSEPPE,58,BARI CITTA' D'EUROPA,3
CHIMENTI GAETANA,58,MARIO CONCA PER BARI,2
PATRUNO GILDA,57,UDC - PRIMA L'ITALIA PER ROMITO SINDACO,2
MOSCHETTI NICOLA,56,LIBERALI E RIFORMISTI - nPSI,2
DESIDERATO ALESSANDRA,55,LECCESE SINDACO,1
CORAZZA ELENA,55,PROGETTO BARI CON LECCESE,1
ROSITANI LUCIO,55,PROGETTO BARI CON LECCESE,1
MACINAGROSSA LEONARDO,55,BARI X FABIO ROMITO,2
BALDASSARRE ALESSANDRO,55,NOI POPOLARI,1
CALABRESE DOMENICA,54,CON LECCESE SINDACO,1
DINARDO EUFEMIA,54,FORZA ITALIA,2
FLORIO NASTASIA,54,SCIACOVELLI SINDACO - CI PIACE!,4
IANNONE PAOLO,54,SCIACOVELLI SINDACO - CI PIACE!,4
GADALETA ILARIA,53,PD,1
VACCA TIZIANA,53,FORZA ITALIA,2
CALLEA FILIPPO,53,MARIO CONCA PER BARI,2
CARELLA ANNAMARIA,52,PD,1
FERRARA MIRENZI GIULIA,52,GENERAZIONE URBANA,3
DE MARCO GIULIA,51,UDC - PRIMA L'ITALIA PER ROMITO SINDACO,2
SEBASTIANI DANIELA,51,PROGETTO BARI CON LECCESE,1
FASANO ASCENZA LOREDANA,50,LECCESE SINDACO,1
BRUNO PATRIZIA,49,PD,1
NACCI GIORGIA,49,ROMITO SINDACO,2
SIFANNO PAOLO,49,UDC - PRIMA L'ITALIA PER ROMITO SINDACO,2
MORETTI FRANCESCA,49,BARI BENE COMUNE,3
ANTONICELLI FRANCESCO PAOLO,49,NOI MODERATI,2
LIPPOLIS MONICA,48,LECCESE SINDACO,1
FORNARELLI TERESA,47,ROMITO SINDACO,2
BOTTALICO GIOVANNI LUCA,47,CON LECCESE SINDACO,1
MELLONE GIANFILIPPO,47,M5S,3
PISCOPO GIOVANNI,47,PROGETTO BARI CON LECCESE,1
DE RUVO MARIO,47,EUROPA VERDE - VERDI,1
CORALLO FRANCESCO,47,PENSIONATI E INVALIDI,2
ABBRESCIA ANGELO,46,CON LECCESE SINDACO,1
ABBALEO ANTONINO,46,M5S,3
FRANCO GRAZIA,46,LECCESE SINDACO,1
BUONO VALERIO,46,PROGETTO BARI CON LECCESE,1
BELCORE ROBERTA,46,LIBERALI E RIFORMISTI - nPSI,2
DI PAOLA AURELIO,45,FORZA ITALIA,2
SALOMONE MARCO,45,BARI X FABIO ROMITO,2
CURIONE ONOFRIO,44,FDI,2
MONNO ALESSANDRA,44,DECARO PER BARI,1
DE BENEDICTIS ANTONIETTA,44,UDC - PRIMA L'ITALIA PER ROMITO SINDACO,2
DELL'OMO EVA,44,UDC - PRIMA L'ITALIA PER ROMITO SINDACO,2
ROTA MARIA VITTORIA ANNA PAOLA,44,BARI BENE COMUNE,3
SARDONE VITO,44,BARI BENE COMUNE,3
D'AMBROSIO FRANCESCO,44,GENERAZIONE URBANA,3
FORNARELLI RICCARDO,44,MARIO CONCA PER BARI,2
IACONISI GIUSEPPE,43,DECARO PER BARI,1
SCELSI ANGELA,43,FORZA ITALIA,2
DE NAPOLI DANIELA,43,EUROPA VERDE - VERDI,1
SABATO OLIMPIA,42,FDI,2
RUTIGLIANO CIRO,42,CON LECCESE SINDACO,1
BARBA MARIAPIA,42,LAFORGIA SINDACO,3
FAVIA GRAZIANA,42,UDC - PRIMA L'ITALIA PER ROMITO SINDACO,2
LAVERMICOCCA DONATO,42,BARI BENE COMUNE,3
POLISENO ROSSANA,42,PROGETTO BARI CON LECCESE,1
CILIBERTI MARIA CHIARA,42,GENERAZIONE URBANA,3
SCHEPISI MATTIA,42,GENERAZIONE URBANA,3
MICUNCO GIOVANNI,41,UDC - PRIMA L'ITALIA PER ROMITO SINDACO,2
PERRONE ANTONIO,41,BARI CITTA' D'EUROPA,3
BERARDI MARCO,41,GENERAZIONE URBANA,3
DE CHIRICO ANTONIO,40,FDI,2
D'AMATO CATERINA,40,DECARO PER BARI,1
IODICE LUCA,40,PROGETTO BARI CON LECCESE,1
DE LUISI MICHELE,40,GENERAZIONE URBANA,3
NATALE DOMENICO,40,GENERAZIONE URBANA,3
TRIGGIANI EMANUELE,40,GENERAZIONE URBANA,3
FIORE VALENTINA,40,LIBERALI E RIFORMISTI - nPSI,2
MOLINARI VITA FRANCESCA,40,LIBERALI E RIFORMISTI - nPSI,2
RONZULLO FRANCESCO SAVERIO,40,SCIACOVELLI SINDACO - CI PIACE!,4
GAZIDEDE ULJANA,39,PD,1
PORCELLI STEFANIA,39,UDC - PRIMA L'ITALIA PER ROMITO SINDACO,2
IANNONE FRANCESCO,39,FORZA ITALIA,2
MATTIA CHIARA,39,BARI CITTA' D'EUROPA,3
CACUCCIOLO MADDALENA,39,BARI X FABIO ROMITO,2
SPINELLI MAURIZIO,39,SCIACOVELLI SINDACO - CI PIACE!,4
STANTE VINCENZO,38,LIBERALI E RIFORMISTI - nPSI,2
VIOLANTE FRANCESCO,38,PCI,3
ACCETTURA CESARIA,37,DECARO PER BARI,1
DIOMEDE NICOLA,37,CON LECCESE SINDACO,1
CORTONE MICHELE,37,LECCESE SINDACO,1
INTRANO' LORETA,37,UDC - PRIMA L'ITALIA PER ROMITO SINDACO,2
MARI GIOVANNI,37,FORZA ITALIA,2
FILOMENO ALBA,37,PROGETTO BARI CON LECCESE,1
SALVO ELIANA,36,PD,1
RANIERI ANDREA CRISTIAN,36,ROMITO SINDACO,2
RENDINA PIETRO,36,M5S,3
TAIANO ANTONELLA,36,UDC - PRIMA L'ITALIA PER ROMITO SINDACO,2
MARCHETTI LAURA,36,BARI BENE COMUNE,3
BUONO MASSIMILIANO,36,FORZA ITALIA,2
COLAIANNI FRANCESCA,36,FORZA ITALIA,2
RAINALDI GUGLIELMO,36,PROGETTO BARI CON LECCESE,1
ALTAMURA CARMINE ANDREA,35,LAFORGIA SINDACO,3
PISANI NICOLO',35,BARI CITTA' D'EUROPA,3
PORZIA MICHELE,35,BARI X FABIO ROMITO,2
DE VENUTO GIOVANNI,35,EUROPA VERDE - VERDI,1
BIANCOLILLO FEDERICA,35,GENERAZIONE URBANA,3
FUMAI GIUSEPPE,34,DECARO PER BARI,1
ANTONACCI ORIANA,34,ROMITO SINDACO,2
GIANNOCCARO NICOLA,34,M5S,3
NONNIS MARZANO CARLOTTA,34,EUROPA VERDE - VERDI,1
PALMISANO CLAUDIO,34,GENERAZIONE URBANA,3
GRITTANI CATERINA,34,OLTRE MANGANO SINDACO,4
BUCCIANTI FRANCESCO,33,DECARO PER BARI,1
LOPONTE LUCIANA,33,BARI CITTA' D'EUROPA,3
BITETTO ANNARITA,33,BARI X FABIO ROMITO,2
DI ROMA VITO,33,BARI X FABIO ROMITO,2
SCARNERA ANNA,33,SCIACOVELLI SINDACO - CI PIACE!,4
CAPRUZZI GIULIO,33,NOI PER BARI - ITALEXIT PER L'ITALIA PER SCIACOVELLI SINDACO,4
VENTURA FRANCESCO SAVERIO,32,FDI,2
RICCI SANTE,32,M5S,3
PAPA ALESSANDRA EMANUELA,32,LECCESE SINDACO,1
CUTRI' VINCENZO,32,FORZA ITALIA,2
FERRARI MARIA,32,FORZA ITALIA,2
DE LEONARDIS MARINO,32,PROGETTO BARI CON LECCESE,1
FANELLI VINCENZO,32,NOI POPOLARI,1
CIPPONE DONATO,32,OLTRE MANGANO SINDACO,4
CAVALLUZZI DAVIDE,31,LAFORGIA SINDACO,3
SANSEVERINO CHRISTIAN,31,UDC - PRIMA L'ITALIA PER ROMITO SINDACO,2
RANIERI NICOLA,31,PROGETTO BARI CON LECCESE,1
SPEZZACATENE LUIGI,31,PROGETTO BARI CON LECCESE,1
GIANNONE GIUSEPPE,31,BARI X FABIO ROMITO,2
INSALATA ANDREA,31,GENERAZIONE URBANA,3
ARCIULI GIUSEPPE,31,SCIACOVELLI SINDACO - CI PIACE!,4
DE PASQUALE MARIA,31,SCIACOVELLI SINDACO - CI PIACE!,4
VOX DAVIDE,30,UDC - PRIMA L'ITALIA PER ROMITO SINDACO,2
STRUSI RITA,30,FORZA ITALIA,2
DI SARIO FRANCESCO,30,NOI MODERATI,2
DI SALVIA DAVIDE,29,M5S,3
TOCCO ELVIRA TIBERIA ROMANA,29,LECCESE SINDACO,1
TORRE CARMELO MARIA,29,PROGETTO BARI CON LECCESE,1
APOLLONIO CARMINE GIANCARLO,29,BARI X FABIO ROMITO,2
SERRAVEZZA CARLA,29,EUROPA VERDE - VERDI,1
COLONGO ALDO,29,NOI MODERATI,2
PANZA MERCEDES,29,NOI MODERATI,2
DI PIPPO FRANCESCO,29,GENERAZIONE URBANA,3
DEL GIUDICE ANTONELLA,28,M5S,3
COCOLO GUIDO,28,UDC - PRIMA L'ITALIA PER ROMITO SINDACO,2
FANELLI VINCENZO,28,FORZA ITALIA,2
LAFRONZA GIOVANNI,28,NOI POPOLARI,1
LAMPARELLI MARIA ROSA,28,LIBERALI E RIFORMISTI - nPSI,2
ZENONE BRUNO,28,LIBERALI E RIFORMISTI - nPSI,2
VOLPE ANTONIO,28,MARIO CONCA PER BARI,2
MARINO LUCA,28,MARIO CONCA PER BARI,2
CALABRESE BARBARA,27,CON LECCESE SINDACO,1
KRUTI MATILDA,27,BARI BENE COMUNE,3
INDOLFI PIERANGELO,27,BARI CITTA' D'EUROPA,3
MARTIRADONNA MARIAGRAZIA,27,BARI CITTA' D'EUROPA,3
IACOVAZZI MARCELLO,27,GENERAZIONE URBANA,3
PERRONE GIANLUCA,27,LIBERALI E RIFORMISTI - nPSI,2
CAPPIELLO DE BARI ANTONIO,27,NOI PER BARI - ITALEXIT PER L'ITALIA PER SCIACOVELLI SINDACO,4
PERRELLI DOMENICO,26,DECARO PER BARI,1
CONSOLE ANTONIO,26,CON LECCESE SINDACO,1
UGENTI CHRISTIAN,26,LECCESE SINDACO,1
DI CHIARO MICHELE,26,BARI BENE COMUNE,3
POLIGNANO GIAMPIERA,26,FORZA ITALIA,2
RICCO FRANCESCO,26,PROGETTO BARI CON LECCESE,1
IACOBELLIS FRANCESCO,26,BARI X FABIO ROMITO,2
BELVISO SERGIO SAVERIO,25,FDI,2
LUMIERI CRESCENZIO,25,FDI,2
VARRESE ISABELLA,25,LAFORGIA SINDACO,3
DONZI' ANGELO MICHELE,25,BARI CITTA' D'EUROPA,3
GRANDOLFO ELEONORA,25,NOI POPOLARI,1
SHAPOVAL YULIA,25,NOI MODERATI,2
ANACLERIO EMANUELE,25,LIBERALI E RIFORMISTI - nPSI,2
CAPPELLUTI FRANCESCO,25,SCIACOVELLI SINDACO - CI PIACE!,4
RENZULLI GIUSEPPINA,25,OLTRE MANGANO SINDACO,4
NITTI PATRIZIA,25,PENSIONATI E INVALIDI,2
SPORTELLI STEFANIA IRENE,24,LAFORGIA SINDACO,3
PANGIA LUCIA,24,BARI CITTA' D'EUROPA,3
CARONE ANGELA,24,BARI X FABIO ROMITO,2
DI PAOLA ALESSIO,24,BARI X FABIO ROMITO,2
LAVACCA MIRIAM,24,BARI X FABIO ROMITO,2
PIEPOLI DANIELE,24,NOI MODERATI,2
SICOLO GRAZIA,24,LIBERALI E RIFORMISTI - nPSI,2
BACCELLIERE ROCCO,24,OLTRE MANGANO SINDACO,4
SAPONARO DAVIDE,23,DECARO PER BARI,1
DELLE FOGLIE DAVIDE,23,BARI CITTA' D'EUROPA,3
TRAVERSA MANUELA,23,PROGETTO BARI CON LECCESE,1
KASONGO ALBERT,23,BARI X FABIO ROMITO,2
D'AMBRA GIUSEPPE,23,SCIACOVELLI SINDACO - CI PIACE!,4
BRUNELLI ALBERTO CARLO,22,BARI BENE COMUNE,3
FICARELLI ROSA,22,FORZA ITALIA,2
TEDESCO GIUSEPPA IMMACOLATA,22,BARI CITTA' D'EUROPA,3
LAVALLE MICHELE,22,BARI X FABIO ROMITO,2
VELOCE MICHELE,22,NOI MODERATI,2
BONATESTA CLAUDIA,22,LIBERALI E RIFORMISTI - nPSI,2
DI PAOLA MARIA,22,SCIACOVELLI SINDACO - CI PIACE!,4
CONTESSA GIUSEPPE,21,FDI,2
CARANGELO COSIMO DAMIANO,21,DECARO PER BARI,1
FIORINO SARA,21,M5S,3
RANA ANTONIO,21,BARI X FABIO ROMITO,2
BARBIERI GIUSEPPE,21,LIBERALI E RIFORMISTI - nPSI,2
LOPANE GARIBALDI GIUSEPPE,21,PCI,3
TACCOGNA ALESSANDRA,21,MARIO CONCA PER BARI,2
DEMARCO AURORA,20,PD,1
BERARDI ANNAMARIA,20,M5S,3
CAVALIERE GRAZIANNA,20,M5S,3
PECERE DOMENICO,20,M5S,3
VERNI ADRIANA,20,LECCESE SINDACO,1
DE CORATO ANNA LAURA,20,LECCESE SINDACO,1
COLASANTO AURELIO FRANCO,20,BARI BENE COMUNE,3
ANTONINO FABIO MICHELE,20,EUROPA VERDE - VERDI,1
NERI ENRICO GABRIELE,20,EUROPA VERDE - VERDI,1
PETROSILLO LUCIANA,20,NOI MODERATI,2
COLELLA ROSA,20,SCIACOVELLI SINDACO - CI PIACE!,4
CUCCOVILLO RICCARDO,20,SCIACOVELLI SINDACO - CI PIACE!,4
TERREVOLI VITO,20,SCIACOVELLI SINDACO - CI PIACE!,4
DE MARIO FRANCO,20,PCI,3
MARZILIANO CHIARA,19,ROMITO SINDACO,2
ROTELLA MICHELE,19,M5S,3
INCIARDI GIUSEPPE,19,LECCESE SINDACO,1
DE NICOLO' ANNARITA,19,UDC - PRIMA L'ITALIA PER ROMITO SINDACO,2
MENDOZZI MANUELA,19,BARI CITTA' D'EUROPA,3
POLIERI PIETRO,19,NOI MODERATI,2
BUONAMICO SARA,19,GENERAZIONE URBANA,3
DI BARI LUCIA RITA,19,LIBERALI E RIFORMISTI - nPSI,2
SASSANELLI ERIKA,19,LIBERALI E RIFORMISTI - nPSI,2
SIGNORILE ANTONIO,19,OLTRE MANGANO SINDACO,4
FERSINI FRANCESCA,18,FDI,2
CUCUMAZZO ELVIRA,18,LAFORGIA SINDACO,3
MELE FRANCESCO,18,M5S,3
ARCANO ANTONIO,18,FORZA ITALIA,2
FORTUNATO GENNARO,18,PROGETTO BARI CON LECCESE,1
BERARDINETTI VITTORIA,18,EUROPA VERDE - VERDI,1
FERRANTE COSIMO DAMIANO,18,NOI MODERATI,2
MILELLA NICOLA,18,SCIACOVELLI SINDACO - CI PIACE!,4
SAVINO LUCREZIA LOREDANA,18,PCI,3
SANTORO GIOVANNI,17,LAFORGIA SINDACO,3
TOCCO GIACOMO,17,M5S,3
LATRONICO ANTONIO,17,UDC - PRIMA L'ITALIA PER ROMITO SINDACO,2
INFANTE DANIELA,17,PROGETTO BARI CON LECCESE,1
SIMONE VITO,17,NOI POPOLARI,1
ANGIULLI AZZURRA,17,NOI MODERATI,2
LADISA SEBASTIANO,17,NOI MODERATI,2
DE TOMA NICOLA,17,OLTRE MANGANO SINDACO,4
FIORE CHIARA,17,OLTRE MANGANO SINDACO,4
SCHETTINI IGNAZIO,17,OLTRE MANGANO SINDACO,4
STRISCIULLI LOREDANA,17,OLTRE MANGANO SINDACO,4
IACOBBE NICOLA,17,NOI PER BARI - ITALEXIT PER L'ITALIA PER SCIACOVELLI SINDACO,4
RICCO RENATA,17,NOI PER BARI - ITALEXIT PER L'ITALIA PER SCIACOVELLI SINDACO,4
D'APOLITO FELICIA,16,DECARO PER BARI,1
NICASTRO SERENA,16,LECCESE SINDACO,1
COLAPIETRO MARIA,16,LECCESE SINDACO,1
MONTELLA FILOMENA,16,LECCESE SINDACO,1
TAURINO PAOLO,16,FORZA ITALIA,2
VITALE ANTONIA,16,BARI CITTA' D'EUROPA,3
LEMBO LICIA,16,BARI X FABIO ROMITO,2
CARRASSI COSIMO DAMIANO,16,NOI MODERATI,2
ZAPPARELLI NANCY,16,NOI MODERATI,2
DE GIAMPAULIS CHIARA,16,PCI,3
DELLINO ROBERTA,16,PCI,3
RICCI SARA,16,PCI,3
ISMAILI FABIOLA,15,ROMITO SINDACO,2
LEREDE CASSANDRA,15,PROGETTO BARI CON LECCESE,1
IPPOLITO CLELIA,15,GENERAZIONE URBANA,3
PEPE GIORGIA NICOLE,15,GENERAZIONE URBANA,3
FANTASIA ALFIO,15,SCIACOVELLI SINDACO - CI PIACE!,4
PAPARELLA LUCIA,15,SCIACOVELLI SINDACO - CI PIACE!,4
DE LUCIA SALVATORE,15,PCI,3
POLIERI VITO,15,MARIO CONCA PER BARI,2
CRISTINI FRANCESCO PAOLO EMANUELE,15,AGORA',2
FOGGETTI DOMENICO,14,ROMITO SINDACO,2
LARICCHIA NICOLA,14,EUROPA VERDE - VERDI,1
STELLA DAMIANA ROSARIA,14,EUROPA VERDE - VERDI,1
BONERBA MARIA LUISA,14,EUROPA VERDE - VERDI,1
CALDARULO LUIGI,14,LIBERALI E RIFORMISTI - nPSI,2
COLONNA GIOVANNA,14,LIBERALI E RIFORMISTI - nPSI,2
DI LUZIO FILOMENA,14,LIBERALI E RIFORMISTI - nPSI,2
NASCA EMMANUELE,14,PCI,3
LAVERMICOCCA MARGHERITA,14,OLTRE MANGANO SINDACO,4
AIELLO MASSIMILIANO,14,PENSIONATI E INVALIDI,2
CAPUTO ALESSIA,13,PD,1
ROSSIELLO FILOMENA BARBARA ROSA,13,DECARO PER BARI,1
BARRACANE LUCIA,13,UDC - PRIMA L'ITALIA PER ROMITO SINDACO,2
SCIANATICO NICOLA,13,BARI CITTA' D'EUROPA,3
VERDEBELLO DANIELE,13,BARI X FABIO ROMITO,2
ALBANESE LUCIO,13,NOI MODERATI,2
DE LETTERIIS ALESSANDRA,13,GENERAZIONE URBANA,3
DE SCISCIOLO FRANCESCO,13,LIBERALI E RIFORMISTI - nPSI,2
MARZOCCA CATALDO,13,LIBERALI E RIFORMISTI - nPSI,2
QUARTO GIAMPIETRO,13,LIBERALI E RIFORMISTI - nPSI,2
INTRONA MICHELE,13,SCIACOVELLI SINDACO - CI PIACE!,4
ALBERGO DONATA,13,PCI,3
RATANO NICOLA,13,PCI,3
CELLAMARE GAETANO,13,NOI PER BARI - ITALEXIT PER L'ITALIA PER SCIACOVELLI SINDACO,4
DE MARZO MICHELE,13,NOI PER BARI - ITALEXIT PER L'ITALIA PER SCIACOVELLI SINDACO,4
LAVERMICOCCA MICHELE,13,NOI PER BARI - ITALEXIT PER L'ITALIA PER SCIACOVELLI SINDACO,4
CALDARULO NICOLA,12,DECARO PER BARI,1
FURENTE GENNARO,12,M5S,3
ZAMBETTA ANTONIA,12,UDC - PRIMA L'ITALIA PER ROMITO SINDACO,2
ZAVARELLA GIULIANO YURI,12,PROGETTO BARI CON LECCESE,1
CIRCELLA MARCO,12,EUROPA VERDE - VERDI,1
GIANVECCHIO FLAVIO,12,EUROPA VERDE - VERDI,1
GRIMALDI SALVATORE,12,SCIACOVELLI SINDACO - CI PIACE!,4
LONIGRO ALESSANDRO,12,PCI,3
CATACCHIO GIANLUCA,12,OLTRE MANGANO SINDACO,4
LEPORE MAURIZIO,12,MARIO CONCA PER BARI,2
ALBORE' LUCIANO,12,AGORA',2
TEDONE FRANCESCA,11,UDC - PRIMA L'ITALIA PER ROMITO SINDACO,2
FASANO ROBERTO,11,BARI X FABIO ROMITO,2
DE LUCA BEATRICE,11,EUROPA VERDE - VERDI,1
GJUZI MIRELA,11,NOI MODERATI,2
CASSANO GENNARO,11,SCIACOVELLI SINDACO - CI PIACE!,4
LOPEZ GIUSEPPINA,11,NOI PER BARI - ITALEXIT PER L'ITALIA PER SCIACOVELLI SINDACO,4
PAPAPICCO VITO,11,NOI PER BARI - ITALEXIT PER L'ITALIA PER SCIACOVELLI SINDACO,4
SAPONE COSTANTINO PIETRO,11,NOI PER BARI - ITALEXIT PER L'ITALIA PER SCIACOVELLI SINDACO,4
GENCHI VITO MICHELE,10,DECARO PER BARI,1
PICCIRILLO MAURIZIO,10,DECARO PER BARI,1
ZACCARO GIUSEPPE,10,BARI CITTA' D'EUROPA,3
GRECO GIOVANNI,10,PROGETTO BARI CON LECCESE,1
PONTINI LEONARDO,10,BARI X FABIO ROMITO,2
DE MARCO IVANA,10,EUROPA VERDE - VERDI,1
DERENZIO ANTONIA,10,LIBERALI E RIFORMISTI - nPSI,2
MARROCCO MARIANNA,10,OLTRE MANGANO SINDACO,4
DE LEONARDIS GIANMARCO,9,CON LECCESE SINDACO,1
VITUCCI MICHELE,9,CON LECCESE SINDACO,1
DE MARZO VITO,9,LAFORGIA SINDACO,3
RIBATTI VALENTINA,9,LECCESE SINDACO,1
ANDRIOLA GIUSEPPE,9,UDC - PRIMA L'ITALIA PER ROMITO SINDACO,2
FIORE CHRISTIAN GIUSEPPE,9,FORZA ITALIA,2
RAFFAELE CECILIA,9,BARI CITTA' D'EUROPA,3
AUCIELLO MARIANNA,9,BARI X FABIO ROMITO,2
D'AURIA GIOVANNI,9,BARI X FABIO ROMITO,2
MILILLO COLAIEMMA LUIGIA,9,BARI X FABIO ROMITO,2
FRADDOSIO ANTONIO,9,NOI POPOLARI,1
MARINELLI MARIA,9,EUROPA VERDE - VERDI,1
BELVISO ANTONIA,9,NOI MODERATI,2
RICCO GAETANO,9,NOI MODERATI,2
CARNIMEO ELISABETTA,9,SCIACOVELLI SINDACO - CI PIACE!,4
DI SANTO GIUSEPPE,9,SCIACOVELLI SINDACO - CI PIACE!,4
FRISONE STELLA,9,SCIACOVELLI SINDACO - CI PIACE!,4
VARRESE DOMENICO,9,PCI,3
LISO FRANCESCO,9,MARIO CONCA PER BARI,2
PASSAQUINDICI ANNALINDA,8,BARI CITTA' D'EUROPA,3
CASTORO VITANTONIO,8,NOI MODERATI,2
MARTELLI GIUSEPPE,8,NOI MODERATI,2
MONGELLI ANTONIO,8,NOI MODERATI,2
SPANO' ELENA,8,GENERAZIONE URBANA,3
MATARRESE FRANCESCO,8,PCI,3
CARLONE GIUSEPPE,8,OLTRE MANGANO SINDACO,4
DIFINO ROSARIA,7,PD,1
TVALADZE VARDO,7,LECCESE SINDACO,1
SETTANNI DONATA,7,UDC - PRIMA L'ITALIA PER ROMITO SINDACO,2
TRICARICO CECILIA,7,UDC - PRIMA L'ITALIA PER ROMITO SINDACO,2
DE GIOSA ANNA RITA,7,BARI X FABIO ROMITO,2
NAPOLEONE DONATO,7,BARI X FABIO ROMITO,2
GRIMALDI ASCELSA,7,NOI POPOLARI,1
LADISA LUCIA,7,NOI POPOLARI,1
BARCONE GIOVANNA FEDERICA,7,EUROPA VERDE - VERDI,1
CUCCOVILLO SILVIA,7,EUROPA VERDE - VERDI,1
RUSCITTO ROBERTA,7,GENERAZIONE URBANA,3
VISCIGLIA ANGELA,7,SCIACOVELLI SINDACO - CI PIACE!,4
CARONE CLAUDIO,7,OLTRE MANGANO SINDACO,4
BLASI DOMENICO GIORGIO,7,NOI PER BARI - ITALEXIT PER L'ITALIA PER SCIACOVELLI SINDACO,4
LAFRONZA LUIGI,7,NOI PER BARI - ITALEXIT PER L'ITALIA PER SCIACOVELLI SINDACO,4
ARTUSO MICHELE,6,BARI X FABIO ROMITO,2
RANIERI GIANVITO,6,BARI X FABIO ROMITO,2
TOLARO ANGELA SANTA,6,GENERAZIONE URBANA,3
SCOTTO MARCELLA,6,PCI,3
COZZI NICOLA,6,OLTRE MANGANO SINDACO,4
MERIELLO ANTONELLA GRAZIA,6,OLTRE MANGANO SINDACO,4
D'ALESSIO GIUSEPPE,6,MARIO CONCA PER BARI,2
D'ADDARIO VITO,6,MARIO CONCA PER BARI,2
POLISENO ANTONIA,6,NOI PER BARI - ITALEXIT PER L'ITALIA PER SCIACOVELLI SINDACO,4
ROMANO NICOLA,6,NOI PER BARI - ITALEXIT PER L'ITALIA PER SCIACOVELLI SINDACO,4
ANELLI VITO,6,AGORA',2
CONTE CLELIA,5,BARI CITTA' D'EUROPA,3
MOLINARI SERGIO,5,BARI X FABIO ROMITO,2
D'ALICANDRO CRESCENZO,5,NOI POPOLARI,1
LA FORGE ANNAMARIA,5,NOI POPOLARI,1
SANTORSOLA ROSA,5,NOI POPOLARI,1
MINEO EMMANUEL,5,EUROPA VERDE - VERDI,1
ABAGNALE BEATRICE,5,GENERAZIONE URBANA,3
LOMONACO FLORA,5,GENERAZIONE URBANA,3
PETRARULO CARMEN,5,GENERAZIONE URBANA,3
TARANTINI MARIAGIULIA,5,GENERAZIONE URBANA,3
MONTERISI LUCIANO,5,LIBERALI E RIFORMISTI - nPSI,2
DAMIANI ANTONIO,5,SCIACOVELLI SINDACO - CI PIACE!,4
MARINO VALENTINA,5,SCIACOVELLI SINDACO - CI PIACE!,4
RINALDI VINCENZO,5,PCI,3
KAPXHIU ALEKSANDER,5,NOI PER BARI - ITALEXIT PER L'ITALIA PER SCIACOVELLI SINDACO,4
ZEULI CARLO,5,NOI PER BARI - ITALEXIT PER L'ITALIA PER SCIACOVELLI SINDACO,4
TELEGRAFO GAETANO,5,AGORA',2
BARBONE EMANUELE,5,PENSIONATI E INVALIDI,2
SGARAMELLA TIZIANA,4,LECCESE SINDACO,1
CAMPANILE MARIACRISTINA,4,BARI CITTA' D'EUROPA,3
QERRETI DEVID,4,BARI CITTA' D'EUROPA,3
BUCCI ROSA MARIAGRECA RITA,4,PROGETTO BARI CON LECCESE,1
MIZZI NATALE,4,EUROPA VERDE - VERDI,1
MOZZI LILIANA,4,EUROPA VERDE - VERDI,1
DENTAMARO SERAFINA,4,NOI MODERATI,2
CALARCO SARA,4,LIBERALI E RIFORMISTI - nPSI,2
PUPPO ANGELA INCORONATA,4,LIBERALI E RIFORMISTI - nPSI,2
DE LUCIA GIUSEPPE,4,SCIACOVELLI SINDACO - CI PIACE!,4
CAMPAGNA DOMENICO,4,OLTRE MANGANO SINDACO,4
MONTESANO DOMENICO,4,OLTRE MANGANO SINDACO,4
BARONE COSIMO,4,NOI PER BARI - ITALEXIT PER L'ITALIA PER SCIACOVELLI SINDACO,4
CICE GIUSEPPE,4,NOI PER BARI - ITALEXIT PER L'ITALIA PER SCIACOVELLI SINDACO,4
FIORE MASSIMILIANO,4,NOI PER BARI - ITALEXIT PER L'ITALIA PER SCIACOVELLI SINDACO,4
GELAO ANNA,4,AGORA',2
CHISENA LEONARDO,4,AGORA',2
COFANO FLORIANA,3,DECARO PER BARI,1
PESCE GIANFRANCESCO,3,UDC - PRIMA L'ITALIA PER ROMITO SINDACO,2
SALVATORE ANTONIO,3,UDC - PRIMA L'ITALIA PER ROMITO SINDACO,2
TISTI COSIMA,3,UDC - PRIMA L'ITALIA PER ROMITO SINDACO,2
CARBONARA SIMONA,3,NOI POPOLARI,1
RUTA MARIA,3,EUROPA VERDE - VERDI,1
BABUDRI LUCIO,3,NOI MODERATI,2
CHIECO VITO,3,SCIACOVELLI SINDACO - CI PIACE!,4
DI MEO FABIANA,3,SCIACOVELLI SINDACO - CI PIACE!,4
FANELLI FABIO,3,MARIO CONCA PER BARI,2
CASCIABANCO DOMENICO,3,MARIO CONCA PER BARI,2
VALERIO GAETANO,3,MARIO CONCA PER BARI,2
ANTONACCI PIETRO,3,NOI PER BARI - ITALEXIT PER L'ITALIA PER SCIACOVELLI SINDACO,4
RANIERI SIMONA,3,AGORA',2
SCHIRALDI CLAUDIA,3,AGORA',2
VENTOLA GIAMPIERO,3,AGORA',2
PRUDENTE FRANCESCA,3,PENSIONATI E INVALIDI,2
MINERVINI GILDA GIULIA,2,DECARO PER BARI,1
DIMUNDO ANNAMARIA,2,NOI POPOLARI,1
BIONDI ILARIA,2,EUROPA VERDE - VERDI,1
COCCORESE CARMINE,2,EUROPA VERDE - VERDI,1
BOTTALICO GIUSEPPE,2,NOI MODERATI,2
GUARRACINO LUISA,2,NOI MODERATI,2
MORGA GELSOMINA,2,LIBERALI E RIFORMISTI - nPSI,2
ANGIOLA ANTONIO,2,SCIACOVELLI SINDACO - CI PIACE!,4
PASOTTI SERAFINA,2,SCIACOVELLI SINDACO - CI PIACE!,4
GAGLIANO ALESSIO ALDO,2,SCIACOVELLI SINDACO - CI PIACE!,4
ANDRIANI ANNELLA,2,PCI,3
RUGGIERI ANNA MARIA,2,OLTRE MANGANO SINDACO,4
SIMONE SONIA,2,OLTRE MANGANO SINDACO,4
AMORUSO DANIELE,2,NOI PER BARI - ITALEXIT PER L'ITALIA PER SCIACOVELLI SINDACO,4
CATACCHIO CECILIA,2,NOI PER BARI - ITALEXIT PER L'ITALIA PER SCIACOVELLI SINDACO,4
CICCARELLI ELEONORA,2,NOI PER BARI - ITALEXIT PER L'ITALIA PER SCIACOVELLI SINDACO,4
FIGLIOLIA DEBORA RITA,2,NOI PER BARI - ITALEXIT PER L'ITALIA PER SCIACOVELLI SINDACO,4
GALLO ANNA,2,NOI PER BARI - ITALEXIT PER L'ITALIA PER SCIACOVELLI SINDACO,4
LOBASCIO IGNAZIO,2,NOI PER BARI - ITALEXIT PER L'ITALIA PER SCIACOVELLI SINDACO,4
SCANNICCHIO SIMONETTA,2,NOI PER BARI - ITALEXIT PER L'ITALIA PER SCIACOVELLI SINDACO,4
GVALADZE TSINARI,2,NOI PER BARI - ITALEXIT PER L'ITALIA PER SCIACOVELLI SINDACO,4
DE VINCENZO DOMENICO,2,AGORA',2
PALUMBO VITO,2,PENSIONATI E INVALIDI,2
CRUCIATA MARIA,1,LECCESE SINDACO,1
ROSSIELLO ANTONIO,1,BARI CITTA' D'EUROPA,3
GRASSI RICCARDO,1,NOI POPOLARI,1
CARELLA FABIO,1,NOI POPOLARI,1
DICATALDO FILOMENA,1,EUROPA VERDE - VERDI,1
DICORATO FRANCESCA,1,EUROPA VERDE - VERDI,1
PORCELLA LEONARDO,1,EUROPA VERDE - VERDI,1
SISTO CHANTAL,1,NOI MODERATI,2
MILELLA SABRINA,1,GENERAZIONE URBANA,3
PARTIPILO MARIANGELA,1,GENERAZIONE URBANA,3
QUARTO MARIA,1,PCI,3
AVANTARIO PAOLO,1,OLTRE MANGANO SINDACO,4
CERVELLERA MARIA,1,OLTRE MANGANO SINDACO,4
CITELLI SANDRA,1,OLTRE MANGANO SINDACO,4
BUTUNOI ANA MARIA,1,MARIO CONCA PER BARI,2
CASSOTTI IOLANDA,1,MARIO CONCA PER BARI,2
CENTRONE ROBERTO,1,NOI PER BARI - ITALEXIT PER L'ITALIA PER SCIACOVELLI SINDACO,4
FIERRO IMMACOLATA,1,NOI PER BARI - ITALEXIT PER L'ITALIA PER SCIACOVELLI SINDACO,4
FUMAI ANNA,1,NOI PER BARI - ITALEXIT PER L'ITALIA PER SCIACOVELLI SINDACO,4
OKONEDO ISAAC,1,NOI PER BARI - ITALEXIT PER L'ITALIA PER SCIACOVELLI SINDACO,4
UNGARO VITTORIO,1,NOI PER BARI - ITALEXIT PER L'ITALIA PER SCIACOVELLI SINDACO,4
FANELLI EMANUELLA,1,AGORA',2
TORELLI ANTONELLA,1,AGORA',2
LEPORE FRANCESCO PAOLO,1,AGORA',2
PROCE MICHELE,1,AGORA',2
VIRGILIO GIUSEPPE,1,AGORA',2
TOMEI FRANCESCO,1,PENSIONATI E INVALIDI,2
CRO STEFANO,1,PENSIONATI E INVALIDI,2
VENUTI ELVIRA,1,PENSIONATI E INVALIDI,2
MIGHALI GIORDANO,0,PD,1
IULIANO MARIA TERESA,0,UDC - PRIMA L'ITALIA PER ROMITO SINDACO,2
DAMIANI DEBORA,0,NOI POPOLARI,1
DICOSOLA GAETANO,0,NOI POPOLARI,1
LOBASCIO MATTEO,0,NOI POPOLARI,1
DICATALDO LUIGI,0,EUROPA VERDE - VERDI,1
DICATALDO NICOLA,0,EUROPA VERDE - VERDI,1
ANNOSCIA ANTONIO,0,NOI MODERATI,2
FINEO ROSA,0,NOI MODERATI,2
PULITO FRANCESCO,0,NOI MODERATI,2
CATINO SARA,0,GENERAZIONE URBANA,3
LADISA ROSA,0,GENERAZIONE URBANA,3
BUCCOMINO FRANCA,0,SCIACOVELLI SINDACO - CI PIACE!,4
GERONIMO STEFANIA,0,SCIACOVELLI SINDACO - CI PIACE!,4
LANAVE MARIA,0,SCIACOVELLI SINDACO - CI PIACE!,4
LABIANCA PAOLA,0,SCIACOVELLI SINDACO - CI PIACE!,4
CARRASSI GIOVANNI,0,PCI,3
LATTARULI MAURIZIO,0,PCI,3
LUCCARELLI ALESSANDRA,0,PCI,3
MANODORO MARCO,0,PCI,3
NESTA DANILO,0,PCI,3
RIZZI FABIO,0,PCI,3
VITONE GIANGIACOMO,0,MARIO CONCA PER BARI,2
COLONNA GIUSEPPE,0,MARIO CONCA PER BARI,2
COSTANZA FRANCESCO,0,MARIO CONCA PER BARI,2
GRAMEGNA GIUSEPPE DOMENICO,0,MARIO CONCA PER BARI,2
MANICONE ANNA LISA,0,MARIO CONCA PER BARI,2
NICOLETTI ANGELA,0,MARIO CONCA PER BARI,2
SALESIANO FILOMENA,0,MARIO CONCA PER BARI,2
TARDIO CINZIA,0,MARIO CONCA PER BARI,2
FUMAI FRANCESCO,0,NOI PER BARI - ITALEXIT PER L'ITALIA PER SCIACOVELLI SINDACO,4
RUGGIERO ANGELA,0,NOI PER BARI - ITALEXIT PER L'ITALIA PER SCIACOVELLI SINDACO,4
CAVAGNA SAMANTHA,0,NOI PER BARI - ITALEXIT PER L'ITALIA PER SCIACOVELLI SINDACO,4
BARBIERI ANNAMARIA,0,AGORA',2
SCIACQUA STEFANIA ANNA MARIA,0,AGORA',2
BARBIERI FRANCESCO,0,AGORA',2
BIENNA MARCO ANTONIO,0,AGORA',2
CASTELLANETA PIETRO BIAGIO,0,AGORA',2
CISTULLI VINCENZO,0,AGORA',2
de NOIA FRANCESCO,0,AGORA',2
PETTA FRANCESCO,0,AGORA',2
IACOBELLIS VITA MARIA ANNA,0,PENSIONATI E INVALIDI,2
DI STASI ANGELA,0,PENSIONATI E INVALIDI,2
DE CANDIA MICHELE,0,PENSIONATI E INVALIDI,2
TRIZIO ANNAMARIA,0,PENSIONATI E INVALIDI,2
TANZI ROBERTO,0,PENSIONATI E INVALIDI,2
TETRO GIOVANNI,0,PENSIONATI E INVALIDI,2
LUISO PIETRO,0,PENSIONATI E INVALIDI,2
GIANNATTASIO ALESSIO,0,PENSIONATI E INVALIDI,2
ESPOSITO PAOLO,0,PENSIONATI E INVALIDI,2
CECERE GIANLUCA,0,PENSIONATI E INVALIDI,2
BERGAMASCO BRUNA,0,PENSIONATI E INVALIDI,2
SPERANZA FRANCESCA,0,PENSIONATI E INVALIDI,2
SEMERARO NICOLETTA,0,PENSIONATI E INVALIDI,2
SANTORUVO EMANUELE,0,PENSIONATI E INVALIDI,2
RUTA GIOACCHINO,0,PENSIONATI E INVALIDI,2
POMPONIO ANTONIA,0,PENSIONATI E INVALIDI,2
COCCIA EMILIA,0,PENSIONATI E INVALIDI,2
